serviceName,sousTitre,description,logoUrl,redirectionUrl,redirectionLabel,iframeUrl,extendLabel,status,leviers,competences,regions,extraFields,isListed
UrbanVitaliz,Accompagnement personnalis√© pour la r√©habilitation d'une friche,"UrbanVitaliz donne des recommandations d‚Äôactions √† la collectivit√©, en fonction du projet qu‚Äôelle lui a soumis et des caract√©ristiques de la friches.¬†Elle oriente ainsi vers les acteurs, dispositifs, financements, prestations, outils et strat√©gies disponibles, susceptibles de d√©bloquer le porteur de projet.¬†",https://urbanvitaliz.fr/static/img/favicons/apple-touch-icon.png,https://urbanvitaliz.fr/,,,,"√âtude, Id√©e",Sobri√©t√© fonci√®re,Am√©nagement et services urbains > Autres actions d'am√©nagement urbain,,,TRUE
UrbanVitaliz,Des ressources autour de la r√©habilitation des friches urbaines,"400 fiches-solutions th√©matiques qui guident les collectivit√©s dans les probl√®mes qu'elles peuvent rencontrer en r√©habilitant un foncier √† l'abandon, ainsi que des dispositifs √† actionner.",https://urbanvitaliz.fr/static/img/favicons/apple-touch-icon.png,https://urbanvitaliz.fr/ressource/,D√©couvrir les ressources,,,"√âtude, Id√©e",Sobri√©t√© fonci√®re,Am√©nagement et services urbains > Autres actions d'am√©nagement urbain,,,TRUE
Le portail cartographique des √©nergies renouvelables,Un outil d'aide √† la planification √©nerg√©tique fran√ßaise,"Outil d'aide √† la d√©cision, mettant √† disposition des donn√©es objectives et compilables sur les th√©matiques √©nerg√©tiques en France, le portail a pour objectif principal d‚Äôappuyer les communes dans l‚Äôidentification de zones potentiellement propices √† l‚Äôimplantation d‚Äô√©nergies renouvelables sur leur territoire.",https://upload.wikimedia.org/wikipedia/fr/3/38/Logo_de_la_R%C3%A9publique_fran%C3%A7aise_%281999%29.svg,https://planification.climat-energie.gouv.fr/,,,,"√âtude, Id√©e",Electricit√© renouvelable,"Politique de l'√©nergie > Energie √©olienne, Politique de l'√©nergie > Energie hydraulique, Politique de l'√©nergie > Energie photovolta√Øque",,,TRUE
Le portail cartographique des √©nergies renouvelables,Acc√©der aux ressources sans vous connecter,Retrouvez les donn√©es sur les zones potentiellement propice √† l‚Äôimplantation d‚Äô√©nergies renouvelables sur votre territoire.,https://upload.wikimedia.org/wikipedia/fr/3/38/Logo_de_la_R%C3%A9publique_fran%C3%A7aise_%281999%29.svg,https://macarte.ign.fr/carte/1X3jxe/Carte-EnR-Grand-public,,,,"√âtude, Id√©e",Electricit√© renouvelable,"Politique de l'√©nergie > Energie √©olienne, Politique de l'√©nergie > Energie hydraulique, Politique de l'√©nergie > Energie photovolta√Øque",,,TRUE
MiNumEco,R√©duire l‚Äôempreinte environnementale du num√©rique public,"La MiNumEco, la Mission Interminist√©rielle Num√©rique √âcoresponsable, accompagne les administrations dans la r√©duction de l'empreinte environnementale du num√©rique public.",https://upload.wikimedia.org/wikipedia/fr/3/38/Logo_de_la_R%C3%A9publique_fran%C3%A7aise_%281999%29.svg,https://ecoresponsable.numerique.gouv.fr/publications/strategie-numerique-responsable-des-collectivites/,,,,,NULL,Environnement / Actions transversales,,,TRUE
MiNumEco,"Le RGESN, ou r√©f√©rentiel g√©n√©ral d‚Äô√©coconception de services num√©riques, est un document de r√©f√©rence men√© dans le cadre de la Mission interminist√©rielle Green Tech. Son objectif est de r√©duire la consommation globale des ressources informatiques et √©nerg√©tiques mais aussi des √©quipements (utilisateurs, r√©seau ou serveur).","Ce r√©f√©rentiel est men√© dans le cadre de la mission interminist√©rielle ¬´ Green Tech ¬ª et co-pilot√©e par la Direction interminist√©rielle du num√©rique (DINUM), le Minist√®re de la Transition √âcologique, mais √©galement l‚ÄôADEME et l‚ÄôInstitut du Num√©rique Responsable. Les objectifs sont de r√©duire la consommation de ressources informatiques et √©nerg√©tiques et la contribution √† l‚Äôobsolescence des √©quipements, qu‚Äôil s‚Äôagisse des √©quipements utilisateurs ou des √©quipements r√©seau ou serveur.",https://upload.wikimedia.org/wikipedia/fr/3/38/Logo_de_la_R%C3%A9publique_fran%C3%A7aise_%281999%29.svg,https://ecoresponsable.numerique.gouv.fr/publications/referentiel-general-ecoconception/,,,,,NULL,Environnement / Actions transversales,,,TRUE
B√©n√©friches,,,,,,,,"√âtude, Id√©e, Op√©ration",Sobri√©t√© fonci√®re,Am√©nagement et services urbains > Autres actions d'am√©nagement urbain,,"{name: ""surface"", label: ""Surface en m2""}",TRUE
Boussole de la Transition √âcologique,,,,,,,,"√âtude, Id√©e",,NULL,,,TRUE
France Chaleur Urbaine,,,,,,,,"√âtude, Id√©e",R√©seaux de chaleur d√©carbon√©s,Politique de l'√©nergie > R√©seaux de chaleur et de froid,,,TRUE
Docurba,,,,,,,,"√âtude, Id√©e, Op√©ration",NULL,"Am√©nagement et services urbains > Autres actions d'am√©nagement urbain, Am√©nagement et services urbains > Op√©rations d'am√©nagement, Am√©nagement des territoires et habitat / Politique de la ville, Habitat (Logement), Am√©nagement des territoires et habitat / Autres actions, Am√©nagement des territoires et habitat / Am√©nagement et services urbains",,,TRUE
EnvErgo,,,,,,,,"√âtude, Id√©e, Op√©ration",NULL,"Am√©nagement et services urbains > Autres actions d'am√©nagement urbain, Am√©nagement et services urbains > Op√©rations d'am√©nagement, Am√©nagement des territoires et habitat / Politique de la ville, Habitat (Logement), Am√©nagement des territoires et habitat / Autres actions, Am√©nagement des territoires et habitat / Am√©nagement et services urbains",,,TRUE
Z√©ro Logement vacant,,,,,,,,"√âtude, Id√©e, Op√©ration",NULL,"Habitat (Logement) > Logement social, Habitat (Logement)",,,TRUE
Mon diagnostic artificialisation,,,,,,,,,Sobri√©t√© fonci√®re,NULL,,,TRUE
Trackd√©chets,Trackd√©chets,,,,,,,,"Valorisation mati√®re des d√©chets, Pr√©vention des d√©chets, Augmentation du taux de collecte","Actions d√©chets et propret√© urbaine, Actions d√©chets et propret√© urbaine > Collecte et traitement des d√©chets",,,TRUE
PrioR√©no,,,,,,,,,"Sobri√©t√© des b√¢timents (tertiaire), Changement chaudi√®res fioul + r√©novation (tertiaire), Changement chaudi√®res gaz + r√©novation (tertiaire)",NULL,,,TRUE
CopCerema,,,,,,,,,"R√©duction des d√©placements, V√©hicules √©lectriques, Fret d√©carbon√© et multimodalit√©, Pr√©vention des d√©chets","Transports publics de voyageurs > Transport sur route, Transports / Infrastructures, Transports de marchandises",,,TRUE
UrbanSimul,,,,,,,,NULL,Sobri√©t√© fonci√®re,"Am√©nagement et services urbains > Autres actions d'am√©nagement urbain, Am√©nagement et services urbains > Op√©rations d'am√©nagement, Am√©nagement des territoires et habitat / Politique de la ville, Habitat (Logement), Am√©nagement des territoires et habitat / Autres actions, Am√©nagement des territoires et habitat / Am√©nagement et services urbains",,,TRUE
Facili-TACCT,,,,,,,,NULL,NULL,NULL,,,TRUE
Facili-TACCT-Test-Iframe,,,,,,,,NULL,NULL,NULL,,,TRUE
Observatoire du covoiturage,,,,,,,,NULL,Covoiturage,Transports / Liaisons multimodales,,,TRUE
Impact CO2,,,,,,,,NULL,NULL,Environnement / Actions transversales,,,TRUE
J'Agis,,,,,,,,NULL,NULL,Environnement / Actions transversales,,,TRUE
AgiRisk,,,,,,,,NULL,NULL,Actions en mati√®re de gestion des eaux > Lutte contre les inondations,,,TRUE
CartoBio,,,,,,,,NULL,D√©veloppement de l'agriculture biologique et de HVE,"""Action √©conomique / Actions sectorielles > Agriculture, p√™che et agro-alimentaire""",,,TRUE
ClimaDIAG,,,,,,,,NULL,NULL,NULL,,,TRUE
CRATer,,,,,,,,NULL,NULL,Sant√© > S√©curit√© alimentaire,,,TRUE
G√©orisques,,,,,,,,NULL,NULL,NULL,,,TRUE
Fiche action de la bo√Æte √† outils Agenda 2030,,,,,,,,NULL,NULL,Environnement / Actions transversales,,,TRUE
GeoRivi√®re,,,,,,,,NULL,Protection des zones de captage d'eau,"Actions en mati√®re de gestion des eaux > Politique de l'eau, Actions en mati√®re de gestion des eaux, Transports publics de voyageurs > Transport fluvial, Transports de marchandises > Fret fluvial, ""Transports / Infrastructures > Haltes, autres infrastructures fluviales""",,,TRUE
M√©t√©EAU Nappes,,,,,,,,NULL,Protection des zones de captage d'eau,"Actions en mati√®re de gestion des eaux > Politique de l'eau, Actions en mati√®re de gestion des eaux",,,TRUE
Nos Villes Vertes,,,,,,,,NULL,NULL,NULL,,,TRUE
TerriStory,Cartographie de vos √©nergies renouvelables,D√©couvrez l'analyse et les chiffres de production d'energie renouvelable sur le territoire du Pays de la Loire.  Vous pouvez acc√©der √† de nombreuses autres analyses sur les ENR,,,,https://teo-paysdelaloire.terristory.fr/?theme=Production%20d%27%C3%A9nergie%20renouvelable&analysis=10431,,"√âtude, Id√©e, Op√©ration",Electricit√© renouvelable,Politique de l'√©nergie,Pays de la Loire,,TRUE
TerriStory,Cartographie de vos √©nergies renouvelables,D√©couvrez l'analyse et les chiffres de consommation d'energie renouvelable sur le territoire de la Nouvelle-Aquitaine. Vous pouvez acc√©der √† de nombreuses autres analyses sur les ENR,,,,https://arec-nouvelleaquitaine.terristory.fr/?zone=region&maille=epci&zone_id=75&nom_territoire=Nouvelle-Aquitaine&theme=Production%20d%27%C3%A9nergie&analysis=136,,"√âtude, Id√©e, Op√©ration",Electricit√© renouvelable,Politique de l'√©nergie,Nouvelle-Aquitaine,,TRUE
TerriStory,,,,,,,,NULL,NULL,"Environnement infrastructures transports, Transports / Infrastructures, Transports de marchandises, Circulations douces, Habitat (Logement), Action √©conomique / Actions sectorielles, ""Action √©conomique / Actions sectorielles > Industrie, commerce et artisanat"", Am√©nagement des territoires et habitat / Politique de la ville, Action √©conomique / Autres actions",,,TRUE
Expertises-Territoires,QUARTIERS DE DEMAIN,"Une communaut√© pour permettre l'√©mergence de nouvelles pratiques sur l'am√©nagement urbain ....pour des quartiers plus sobres, plus r√©silients, plus inclusifs et plus cr√©atifs !",,https://www.expertises-territoires.fr/jcms/pl1_5501,,,,NULL,Sobri√©t√© fonci√®re,"Am√©nagement et services urbains > Autres actions d'am√©nagement urbain, Am√©nagement et services urbains > Op√©rations d'am√©nagement, Am√©nagement des territoires et habitat / Politique de la ville, Habitat (Logement), Am√©nagement des territoires et habitat / Autres actions, Am√©nagement des territoires et habitat / Am√©nagement et services urbains",,,TRUE
Expertises-Territoires,GESTION DU TRAIT DE C√îTE,"Les territoires littoraux sont particuli√®rement expos√©s aux effets du changement climatique, qui aggravent et s‚Äôajoutent √† la mobilit√© naturelle du trait de c√¥te. 20% des c√¥tes fran√ßaises sont en recul. De nombreux enjeux se trouvent menac√©s par les risques de submersion ou d‚Äô√©rosion : habitats, activit√©s et infrastructures publiques... Les alertes toujours plus pressantes des scientifiques mettent particuli√®rement en lumi√®re ces menaces et laissent penser que les sc√©narios les plus pessimistes risquent d‚Äô√™tre d√©pass√©s. Les solutions traditionnelles de d√©fense du trait de c√¥te ne suffisent plus et se heurtent de surcro√Æt √† la pr√©occupation croissante pour limiter l‚Äôartificialisation du littoral.",,https://www.expertises-territoires.fr/jcms/pl1_8340,,,,NULL,NULL,"""Transports / Infrastructures > Ports, autres infrastructures portuaires"", Am√©nagement des territoires et habitat / Actions en faveur du littoral",,,TRUE
Expertises-Territoires,APPEL √Ä PARTENAIRES GESTION INT√âGR√âE DU LITTORAL,La d√©marche initi√©e par l‚ÄôANEL et le Cerema vise √† accompagner des territoires littoraux volontaires dans une dynamique qui permette de r√©pondre aux probl√©matiques locales et de d√©gager des pistes de solutions concr√®tes pour accompagner dans la dur√©e les territoires littoraux et contribuer √† faire vivre l‚Äôinterface terre-mer de mani√®re vertueuse. Cet espace est libre et tout le monde peut contribuer !,,https://www.expertises-territoires.fr/jcms/pl1_8372,,,,NULL,NULL,"""Transports / Infrastructures > Ports, autres infrastructures portuaires"", Am√©nagement des territoires et habitat / Actions en faveur du littoral",,,TRUE
Expertises-Territoires,CLUB CTT ARBRES EN VILLE ET CLIMAT - PROVENCE ALPES COTE D'AZUR,"Les arbres sont des √©l√©ments embl√©matiques de la nature en ville : ils sont de plus en plus utilis√©s comme vecteur pour dynamiser la strat√©gie de l‚Äôadaptation au changement climatique. Mais, comment leurs donner une r√©elle fonction dans la gestion des ilots de chaleurs urbains ? Comment les int√©grer √† l'espace urbain ? Comment coupler les enjeux de l‚Äôadaptation au changement climatique et de la nature en ville autour de l'arbre ? Comment optimiser ses conditions d‚Äôinstallation pour sa p√©rennit√© urbaine ? Discutons - en. N'oubliez pas de vous identifier en tant que membre de cette communaut√© pour profiter de tous les documents et outils mis √† votre disposition sur cette plateforme",,https://www.expertises-territoires.fr/jcms/pl1_49099,,,,NULL,NULL,Am√©nagement et services urbains > Espaces verts urbains,,,TRUE
Expertises-Territoires,OBSERVATOIRE DES SOLUTIONS D'ACCESSIBILIT√â,"L'Observatoire des solutions d'accessibilit√© est une plateforme permettant d'acc√©der √† des ressources sur l'accessibilit√© du cadre b√¢ti et de l'ensemble de la cha√Æne de d√©placement, il fait la part belle aux retours d'exp√©riences par les porteurs de projet de mise en ≈ìuvre de solutions contextualis√©es. Ces retours d'exp√©riences peuvent faire l'objet d'analyses et d'expertises pour √©valuer la r√©plicabilit√© de la solution et la qualit√© de la r√©ponse aux usages attendus.",,https://www.expertises-territoires.fr/jcms/pl1_76760,,,,NULL,NULL,"Am√©nagement et services urbains > Op√©rations d'am√©nagement, Am√©nagement et services urbains > Autres actions d'am√©nagement urbain, Habitat (Logement), Am√©nagement des territoires et habitat / Autres actions",,,TRUE
Expertises-Territoires,PORTAIL CARTOGRAPHIQUE DES ENERGIES RENOUVELABLES,"Cette communaut√© est un espace d'√©changes et de partage de ressources autour du Portail cartographique des Energies Renouvelables pour en am√©liorer la diffusion et en faciliter l'appropriation sur les territoires. Elle s'adresse √† tous les utilisateurs du portail cartographique des EnR et particulier les collectivit√©s qui sont charg√©es d'√©laborer les ""zones d'acc√©l√©ration"", mais aussi les services d√©concentr√©s, les bureaux d'√©tudes, ... Chacun peut y poser ses questions, trouver des informations utiles, mettre en avant son exp√©rience et d√©couvrir celle des autres utilisateurs.",,https://www.expertises-territoires.fr/jcms/pl1_141463,,,,NULL,Electricit√© renouvelable,"Politique de l'√©nergie > Energie √©olienne, Politique de l'√©nergie > Energie hydraulique, Politique de l'√©nergie > Energie photovolta√Øque",,,TRUE
Expertises-Territoires,ENVIRONNEMENT SANT√â,D√©couvrez la communaut√© Environnement Sant√©,,https://www.expertises-territoires.fr/jcms/pl1_6950,,,,NULL,NULL,Sant√© > Pr√©vention et √©ducation pour la sant√©,,,TRUE
Expertises-Territoires,COMMUNAUT√â VIABILIT√â HIVERNALE,"Cette communaut√© a vocation √† permettre les √©changes entre l'ensemble des acteurs de la viabilit√© hivernale : gestionnaires (DIR, CD, collectivit√©s, SCA, a√©roports...) , r√©seau scientifique et technique, entreprises... Y sont rattach√©s des groupes priv√©s d√©di√©s aux clubs CTT VH avec un acc√®s r√©serv√© aux collectivit√©s et DIR",,https://www.expertises-territoires.fr/jcms/pl1_17493,,,,NULL,NULL,Voirie > Viabilit√© hivernale et al√©as climatiques,,,TRUE
Expertises-Territoires,ECOLES DE DEMAIN,"Cette communaut√© s'adresse aux collectivit√©s et √† l'ensemble des acteurs de projets scolaires (architectes, programmistes, associations, structures de conseil...), leur offrant une opportunit√© de partager des solutions innovantes ou de s'inspirer d'autres exp√©riences pour aller plus loin dans leurs propres projets. Cette communaut√© est la v√¥tre. üòç N'h√©sitez pas √† contribuer ! Parce qu'une communaut√© ne vit que par l'activit√© de ses membres.",,https://www.expertises-territoires.fr/jcms/pl1_26867,,,,NULL,NULL,"Enseignement du premier degr√© > Ecoles maternelles, Enseignement du second degr√©, Enseignement du second degr√© > Lyc√©es publics, Enseignement du second degr√© > Lyc√©es priv√©s, Enseignement sup√©rieur, Cit√©s scolaires",,,TRUE
Expertises-Territoires,COMMUNAUT√â PONTS,"Cette communaut√© s‚Äôadresse √† tous les acteurs de la gestion de patrimoines d‚Äôouvrages d‚Äôart : ma√Ætres d‚Äôouvrages gestionnaires, collectivit√©s ou Etat, bureaux d‚Äô√©tudes, entreprises, associations professionnelles, que vous soyez experts, confirm√©s ou a contrario en voie d‚Äôapprentissage sur le domaine. Repr√©sentants des intercommunalit√©s ou de communes, vous y trouverez en particulier une ¬´ bo√Æte √† outils ¬ª pour vous aider √† prendre en main ou d√©velopper la gestion de vos ponts et de vos murs de sout√®nement.",,https://www.expertises-territoires.fr/jcms/pl1_27447,,,,NULL,NULL,"Environnement infrastructures transports, Transports / Infrastructures, ""Transports / Infrastructures > Gares, autres infrastructures routi√®res"", Transports / Infrastructures > Gares et autres infrastructures ferroviaires",,,TRUE
Expertises-Territoires,"BNTRA BUREAU DE NORMALISATION DES TRANSPORTS, DES ROUTES ET DE LEURS AM√âNAGEMENTS","Le Bureau de normalisation pour les transports, les routes et leurs am√©nagements (BNTRA) est le bureau sectoriel fran√ßais qui couvre les domaines de la g√©otechnique, de la route et de ses √©quipements, des ouvrages d‚Äôarts ainsi que l‚Äôing√©nierie du trafic au sein du Syst√®me Fran√ßais de Normalisation. Le BNTRA f√©d√®re, par d√©l√©gation de l‚ÄôAFNOR les commissions de normalisation nationales qui √©laborent les projets de normes fran√ßaises (NF), europ√©ennes (EN) et internationales (ISO) dans son champ de comp√©tence. Il est h√©berg√© par le Cerema, au sein de la Direction technique infrastructures de transport et mat√©riaux (Cerema ITM). Le BNTRA a re√ßu un agr√©ment par d√©cision du d√©l√©gu√© interminist√©riel aux normes du 1er janvier 2024. Son projet : Avec l'appui de l'√©quipe permanente, les ing√©nieurs chefs de projets en normalisation du Cerema, experts dans leur domaine, se mobilisent aupr√®s des professionnels de la Ma√Ætrise d'ouvrage et de la Ma√Ætrise d'oeuvre pour √©laborer une normalisation adapt√©e √† leurs besoins op√©rationnels en phase avec leurs enjeux de performance, de s√©curit√©, de garantie et d'innovation et favoriser ainsi la r√©ussite de leurs projets d‚Äôavenir de d√©veloppement et d‚Äôam√©nagement du territoire, de d√©carbonation et d‚Äôadaptation au changement climatique.",,https://www.expertises-territoires.fr/jcms/pl1_28684,,,,NULL,NULL,"Transports publics de voyageurs > Transport sur route, Environnement infrastructures transports",,,TRUE
Expertises-Territoires,COMPENSATION CARBONE VOLONTAIRE TERRITORIALE,"Compensation carbone : quelles recommandations, quelles m√©thodes ? 4 webinaires pour les territoires porteurs d'une d√©marche de compensation. La compensation carbone est un m√©canisme qui consiste √† financer un projet qui √©vite ou s√©questre des √©missions de gaz √† effet de serre lorsque les dispositifs de financement conventionnels ne suffisent pas pour engager le projet. Elle s'inscrit dans la strat√©gie de transition √©nerg√©tique et climatique territoriale et vient compl√©ter les actions de baisse des √©missions de gaz √† effet de serre sur le territoire. Quels sont les points d'attention, les bonnes pratiques √† conna√Ætre et les m√©thodes pertinentes ? Voici les travaux (2021) du Cerema sur le sujet : https://www.cerema.fr/fr/actualites/fonds-carbone-locaux-compensation-carbone-territoriale Par ailleurs, pour vous aider dans vos projets, nous vous proposons une s√©rie de 4 webinaires, qui donnent la parole aux acteurs de la compensation carbone, apportent des t√©moignages et visent √† mettre en relation les collectivit√©s.",,https://www.expertises-territoires.fr/jcms/pl1_47550,,,,NULL,NULL,NULL,,,TRUE
Expertises-Territoires,INDICATEURS ET √âVALUATION DES ECOQUARTIERS,"Dans le cadre du renouveau de la d√©marche nationale EcoQuartiers, il est important de ¬´ Garantir la performance en termes de d√©veloppement durable des EcoQuartiers au regard des enjeux prioritaires du Gouvernement. ¬ª Cette transition vers une approche performancielle de la labellisation, sur la base d‚Äôune s√©rie d‚Äôune vingtaine d‚Äôindicateurs communs √† tous les EcoQuartiers, vient compl√©ter les modes d‚Äô√©valuation actuels du label : auto√©valuation par le candidat sur la base d‚Äôindicateurs qu‚Äôil s‚Äôest d√©fini, expertise ind√©pendante et d√©cision de la commission nationale. La pr√©sente communaut√© a pour objectifs d'aider les porteurs de projets d'Ecoprojets et d'EcoQuartiers √† mettre en place leur d√©marche d'√©valuation et √† s'approprier les indicateurs nationaux avec l'appui du Cerema.",,https://www.expertises-territoires.fr/jcms/pl1_94045,,,,NULL,Sobri√©t√© des b√¢timents (r√©sidentiel),Habitat (Logement),,,TRUE
Expertises-Territoires,STRAT√âGIE COVOITURAGE R√âGULIER R√âGIONS ALPINES D'ARA,"Strat√©gie covoiturage r√©gulier : lignes, plateformes, plan national et massification : nous comptons aujourd'hui plus de 23 plateformes de covoiturage r√©gulier, ce qui est contre-productif car va √† l'encontre du principe de massification de l'offre et de la demande, inh√©rent √† une strat√©gie de covoiturage efficace. En parall√®le, le fonds vert propose des soutiens financiers cons√©quents et cette ann√©e repr√©sente une p√©riode charni√®re pour lancer des projets de covoiturage complets, pertinents, efficaces et ambitieux, sur les territoires. Le covoitruage, par d√©finition, d√©passe les fronti√®res administratives de nos collectivit√©s. Nous avons donc besoin de nous concerter pour adopter une position commune et d√©velopper un projet r√©ussi et p√©renne.",,https://www.expertises-territoires.fr/jcms/pl1_95828,,,,NULL,NULL,NULL,,,TRUE
Expertises-Territoires,TITRE UNIQUE,"Face aux enjeux de d√©carbonation des mobilit√©s et de report modal, le projet ¬´ titre unique ¬ª r√©pond √† une aspiration des usagers, clairement exprim√©e par la Convention Citoyenne pour le Climat en 2020[1]. Afin de concevoir le ¬´ titre de transport de demain ¬ª, un Hackathon s‚Äôest tenu en f√©vrier 2023. Deux solutions ont √©t√© s√©lectionn√©es comme laur√©ates. Les r√©sultats du Hackathon ont √©t√© pris en compte comme point de d√©part du projet, dans le but de simplifier au maximum le parcours usager.",,https://www.expertises-territoires.fr/jcms/pl1_110399,,,,NULL,Transports en commun,Transports / Liaisons multimodales,,,TRUE
Expertises-Territoires,STANDARDS ET NORMES DE MOBILIT√â,"Bienvenue sur le portail de la standardisation des donn√©es de la mobilit√©. Vous √™tes un op√©rateur de transport ? Un r√©utilisateur de donn√©es de mobilit√© ? Une start-up de la mobilit√© durable ? Une autorit√© organisatrice de la mobilit√© ? Un fournisseur de syst√®mes d'information pour les op√©rateurs ? Vous cherchez √† vous ins√©rer dans le march√© de la Mobilit√© par association de services (MAS) ? √Ä vous adapter aux √©volutions r√©glementaires ? √Ä rester inform√© des meilleures pratiques en termes de partage de donn√©es de mobilit√© ? Vous trouverez ici prochainement des informations et des services vous permettant de d√©couvrir, utiliser et faire √©voluer les standards et les normes qui s'appliquent en France pour encourager le d√©veloppement de la mobilit√© durable dans le cadre des articles 25, 27 et 28 de la loi d'orientation des mobilit√©s (LOM) de 2019.",,https://www.expertises-territoires.fr/jcms/pl1_125155,,,,NULL,NULL,NULL,,,TRUE
Expertises-Territoires,CONTRATS OP√âRATIONNELS DE MOBILIT√â - R√âGION SUD,Cet espace de travail est d√©di√© √† la co-construction des contrats op√©rationnels de mobilit√©.,,https://www.expertises-territoires.fr/jcms/pl1_226968,,,,NULL,NULL,NULL,,,TRUE
Expertises-Territoires,COMIT√â √âNERGIE R√âGIONAL 971,"Bienvenue dans la communaut√© des r√©f√©rents √©nergie du Comit√© √©nergie r√©gional 971. L'objectif de cette communaut√© est de mettre en oeuvre une d√©marche d'√©conomies d'√©nergie au sein de votre parc immobilier. Cet espace de partage d'informations, de ressources et d'outils vient en compl√©ment des autres espaces de partage d√©j√† existants tels que les communaut√©s ""Challenge: Mobilsation"", ""Challende: Passage √† l'action"", ""Concours CUBE Etat"", etc, en proposant des leviers d'actions contextualis√©s √† notre territoire. En fonction des besoins qui vous aurez exprim√©, des outils de travail seront propos√©s afin de faciliter vos actions dans le d√©ploiement de la d√©marche de r√©duction de la consommation √©nerg√©tique.",,https://www.expertises-territoires.fr/jcms/pl1_372214,,,,NULL,NULL,NULL,,,TRUE
Expertises-Territoires,SOLUTIONS FOND√âES SUR LA NATURE (SFN) POUR L'ADAPTATION - PAYS DE LA LOIRE,"Cet espace communautaire permet de rassembler les acteurs locaux du climat et de la biodiversit√© en Pays de la Loire. Il constitue un espace d'√©changes, de partage et d'appui √† la mise en ≈ìuvre de projets de de SfN pour l'adaptation, et contribue √† diffuser et valoriser les ressources produites dans le cadre du Life ARTISAN. Vous avez √©galement la possibilit√© de partager vos actualit√©s en alimentant l'onglet ""veille"" ou l'onglet ""√©v√®nements""'.",,https://www.expertises-territoires.fr/jcms/pl1_441556,,,,NULL,NULL,NULL,,,TRUE
Observatoire National de la Biodiversit√© (ONB),"Consultez dans le domaine de la culture et de l'√©ducation les indicateurs de l‚Äôobservatoire national de la biodiversit√© d√©veloppe des indicateurs pour suivre l‚Äô√©tat et l‚Äô√©volution de la biodiversit√© en France, les grandes pressions qui s‚Äôexercent sur elles et les r√©ponses apport√©es par la soci√©t√©.","Ces indicateurs font l‚Äôobjet d‚Äôune √©valuation scientifique ind√©pendante et sont valid√©s par un r√©seau qui regroupe organismes de recherche, √©tablissements publics, minist√®res, parties prenantes civiles et professionnelles. Ils mobilisent de nombreuses sources de donn√©es en grande partie accessibles dans le cadre du Syst√®me d‚Äôinformation de la biodiversit√©.",,https://naturefrance.fr/indicateurs?f%5B0%5D=couverture_geographique%3A93&f%5B1%5D=politiques%3A226,,,,NULL,NULL,Culture,,,TRUE
Observatoire National de la Biodiversit√© (ONB),"Consultez, dans le domaine de l'√©conomie et les entreprises, les indicateurs de l‚Äôobservatoire national de la biodiversit√© d√©veloppe des indicateurs pour suivre l‚Äô√©tat et l‚Äô√©volution de la biodiversit√© en France, les grandes pressions qui s‚Äôexercent sur elles et les r√©ponses apport√©es par la soci√©t√©.","Ces indicateurs font l‚Äôobjet d‚Äôune √©valuation scientifique ind√©pendante et sont valid√©s par un r√©seau qui regroupe organismes de recherche, √©tablissements publics, minist√®res, parties prenantes civiles et professionnelles. Ils mobilisent de nombreuses sources de donn√©es en grande partie accessibles dans le cadre du Syst√®me d‚Äôinformation de la biodiversit√©.",,https://naturefrance.fr/indicateurs?f%5B0%5D=politiques%3A226&f%5B1%5D=politiques%3A591,,,,NULL,NULL,"Action √©conomique / Interventions √©conomiques transversales, Action √©conomique / Structure d'animation et de d√©veloppement √©conomique, Action √©conomique / Actions sectorielles, ""Action √©conomique / Actions sectorielles > Industrie, commerce et artisanat""",,,TRUE
Observatoire National de la Biodiversit√© (ONB),"Consultez, dans le domaine de la gestion des espaces naturels, les indicateurs de l‚Äôobservatoire national de la biodiversit√© d√©veloppe des indicateurs pour suivre l‚Äô√©tat et l‚Äô√©volution de la biodiversit√© en France, les grandes pressions qui s‚Äôexercent sur elles et les r√©ponses apport√©es par la soci√©t√©.","Ces indicateurs font l‚Äôobjet d‚Äôune √©valuation scientifique ind√©pendante et sont valid√©s par un r√©seau qui regroupe organismes de recherche, √©tablissements publics, minist√®res, parties prenantes civiles et professionnelles. Ils mobilisent de nombreuses sources de donn√©es en grande partie accessibles dans le cadre du Syst√®me d‚Äôinformation de la biodiversit√©.",,https://naturefrance.fr/indicateurs?f%5B0%5D=politiques%3A226&f%5B1%5D=politiques%3A591&f%5B2%5D=politiques%3A593,,,,NULL,NULL,"Am√©nagement des territoires et habitat / Espace rural et autres espaces de d√©veloppement, Am√©nagement et services urbains > Espaces verts urbains",,,TRUE
,,,,,,,,,,,,,TRUE
Ma Cantine,Suivez l'application de la loi EGalim sur votre territoire,,,,,,,NULL,Respect d'Egalim pour la restauration collective,NULL,,,TRUE
Longue Vie aux Objets,La carte des acteurs de l'√©conomie circulaire pour valoriser la r√©paration et le r√©emploi sur son territoire,"Longue Vie Aux Objets propose aux collectivit√©s un outil num√©rique pour mettre en avant les adresses de son territoire pour d√©poser des d√©chets, mais aussi r√©parer et r√©employer des objets (don, vente, location) ! Cette carte dynamique a vocation √† √™tre int√©gr√©e gratuitement au site internet de la collectivit√© dans le cadre du PLPDMA, pour acc√©l√©rer la transition vers l'√©conomie circulaire √† l'√©chelle du territoire.",,,,https://lvao.ademe.fr/carte?action_list=reparer%7Cdonner%7Cechanger%7Cpreter%7Cemprunter%7Clouer%7Cmettreenlocation%7Cacheter%7Crevendre&epci_codes={epciCodeSiren}&limit=50,,NULL,"Augmentation du taux de collecte, Pr√©vention des d√©chets, Valorisation mati√®re des d√©chets, Moindre stockage en d√©charge",Actions d√©chets et propret√© urbaine > Collecte et traitement des d√©chets,,,TRUE
Longue Vie aux Objets,"Que Faire De Mes Objets & D√©chets, l'assistant au tri pour sensibiliser vos usagers aux bons gestes de tri et √† l'allongement de la dur√©e de vie des objets","Longue Vie Aux Objets propose aux collectivit√©s un outil num√©rique pour sensibiliser les usagers aux bonnes consignes et adresses pr√®s de chez soi pour bien trier ses d√©chets, mais aussi r√©parer et r√©employer ses objets ! Cet assistant au tri, Que Faire De Mes Objets & D√©chets, a vocation √† √™tre int√©gr√© gratuitement au site internet de la collectivit√© dans le cadre du PLPDMA, pour faciliter le recyclage, √©viter l'achat neuf et contribuer √† la r√©duction des d√©chets.",,,,https://quefairedemesdechets.ademe.fr/dechet/chaussures/carte/?epci_codes={epciCodeSiren},,NULL,"Augmentation du taux de collecte, Pr√©vention des d√©chets, Valorisation mati√®re des d√©chets, Moindre stockage en d√©charge",Actions d√©chets et propret√© urbaine > Collecte et traitement des d√©chets,,,FALSE
Guide des atlas de la biodiversit√© communale,"Un Atlas de la biodiversit√© communale (ABC) est une d√©marche qui permet √† une commune, ou une ¬´ structure intercommunale ¬ª, de conna√Ætre, de pr√©server et de valoriser son patrimoine naturel. Chaque ann√©e, l'Office fran√ßais de la biodiversit√© soutient de nombreux projets d'ABC.",,,,,,,NULL,NULL,"""Environnement / Pr√©servation patrimoine naturel,risques technologiques""",,,TRUE
Nos Gestes Climat,,,,,,,,NULL,NULL,NULL,,,TRUE
Plus fra√Æche ma ville,,,,,,,,,"NULL, Sobri√©t√© fonci√®re, R√©sorption des points noirs prioritaires de continuit√© √©cologique, Restauration des habitats naturels, R√©novation (hors changement chaudi√®res), Sobri√©t√© des b√¢timents (r√©sidentiel), Sobri√©t√© des b√¢timents (tertiaire), Gaz fluor√©s r√©sidentiel, Gaz fluor√©s tertiaire, D√©simperm√©abilisation des sols","NULL, Am√©nagement des territoires et habitat / Am√©nagement et services urbains, Politique de l'air, Politique de l'√©nergie, Am√©nagement des territoires et habitat / Politique de la ville, Am√©nagement des territoires et habitat / Agglom√©rations et villes moyennes, Am√©nagement des territoires et habitat / Espace rural et autres espaces de d√©veloppement, Habitat (Logement), Am√©nagement des territoires et habitat / Actions en faveur du littoral, Action √©conomique / Actions sectorielles, Actions en mati√®re de gestion des eaux, Voirie",,,TRUE
,,,,,,,,NULL,NULL,NULL,,,
,,,,,,,,NULL,NULL,NULL,,,
,,,,,,,,NULL,NULL,NULL,,,
,,,,,,,,NULL,NULL,NULL,,,
,,,,,,,,NULL,NULL,NULL,,,
,,,,,,,,,,NULL,,,
,,,,,,,,,,NULL,,,
,,,,,,,,,,NULL,,,
,,,,,,,,,,NULL,,,
,,,,,,,,,,NULL,,,
,,,,,,,,,,NULL,,,
,,,,,,,,,,NULL,,,
,,,,,,,,,,NULL,,,
,,,,,,,,,,NULL,,,
,,,,,,,,,,NULL,,,
,,,,,,,,,,NULL,,,
,,,,,,,,,,NULL,,,
,,,,,,,,,,NULL,,,
,,,,,,,,,,NULL,,,
,,,,,,,,,,NULL,,,
,,,,,,,,,,NULL,,,
,,,,,,,,,,NULL,,,
,,,,,,,,,,NULL,,,
,,,,,,,,,,NULL,,,
,,,,,,,,,,NULL,,,
,,,,,,,,,,NULL,,,
,,,,,,,,,,NULL,,,
,,,,,,,,,,NULL,,,
,,,,,,,,,,NULL,,,
,,,,,,,,,,NULL,,,
,,,,,,,,,,NULL,,,
,,,,,,,,,,NULL,,,
,,,,,,,,,,NULL,,,
,,,,,,,,,,NULL,,,
,,,,,,,,,,NULL,,,
,,,,,,,,,,NULL,,,
,,,,,,,,,,NULL,,,
,,,,,,,,,,NULL,,,
,,,,,,,,,,NULL,,,
,,,,,,,,,,NULL,,,
,,,,,,,,,,NULL,,,
,,,,,,,,,,NULL,,,
,,,,,,,,,,NULL,,,